Word1,Word2,Word3,Word4,Answer
kiss,toast,poodle,fries,French
bear,circle,fleece,cap,polar
fly,man,sale,arm,fire
ire,fin,green,ice,land
bermuda,love,right,golden,triangle
bow,drop,coat,check,rain
fall,board,mark,works,water
pet,go,ton,away,car
bin,din,car,man,go
moon,whale,grass,lagoon,blue
birds,affair,potion,interest,love
paper,chip,grease,valley,silicon
toe,log,traffic,strawberry,jam
mill,farm,screen,tunnel,wind
some,no,any,busy,body
fryer,plane,head,port,air
turn,upper,trench,rain,coat
cover,scarlet,chain,love,letter
saw,gang,smoke,letter,chain
to,labour,sun,rainy,day
money,orange,bank,brothers,blood
milk,scotch,cream,fingers,butter
horse,tennis,school,dance,shoe
boom,carrot,shower,talk,baby
dust,dinner,straight,yellow,jacket
blue,door,church,dumb,bell
chicken,school,fun,coffee,run
cross,board,side,speed,walk
jack,dragon,bread,kiwi,fruit
north,morning,gold,Christmas,star
fire,house,butter,dragon,fly
dog,drift,holly,sandal,wood
flea,family,media,flying,circus
fore,type,pod,broad,cast
fruit,vampire,baseball,cricket,bat
dance,flop,laugh,button,belly
room,legend,proof,large,living
pipe,American,lucid,fever,dream
luck,belly,shot,hole,pot
sky,night,black,spot,light
American,humble,pumpkin,cottage,pie
light,scraper,blue,high,sky
heater,cadet,bar,station,space
guess,fiddle,wind,nature,second
spinning,colour,wagon,roulette,wheel
phone,vision,commute,prompter,tele
potato,blue,computer,wood,chip
bubble,body,shrink,gift,wrap
raddish,power,shoe,fly,horse
crazy,Charley,dark,gift,horse
steel,kettle,ear,oil,drum
chest,coco,hazel,pea,nut
hand,plastic,paper,shopping,bag
sausage,hot,corn,guard,dog
butterfly,domino,placebo,side,effect
fleece,parachute,rule,girls,golden
fleece,parachute,rule,girls,golden
wax,wig,mark,drum,ear
body,sign,love,programming,language
bloody,virgin,typhoid,hail,Mary
queen,honey,busy,spelling,bee
garage,yard,fire,clearance,sale
mud,bird,bubble,sponge,bath
picnic,wet,throw,security,blanket
batter,pong,garden,can,beer
safety,hair,rolling,push,pin
couch,hot,baked,sweet,potato
only,poster,flower,problem,child
fairy,folk,fish,tall,tale
leaf,rush,mine,star,gold
may,sun,wall,wild,flower
liberty,tinker,bar,dinner,bell
coffee,water,pool,periodic,table
chain,pyramid,fight,processor,food
shadow,candy,witness,liner,eye
bull,fog,matter,shoe,horn
talk,satellite,pirate,ham,radio
wave,horror,jock,value,shock
power,porter,rough,wheel,house
boomer,teeth,steps,blues,baby
cube,cream,storm,block,ice
letter,reaction,mail,store,chain
arrow,fore,block,knuckle,head
parallel,amusement,national,south,park
quality,cruise,remote,birth,control
cottage,cream,string,blue,cheese
car,liver,whirl,swimming,pool
salad,goblin,thumb,beret,green
scavenger,witch,egg,job,hunt
street,money,listening,chair,easy
throne,bath,powder,rest,room
boy,wedding,tribute,rubber,band
paper,hair,crocodile,video,clip
lime,rhine,yellow,brim,stone
inch,glow,book,earth,worm
rug,mall,gym,pack,rat
cheer,chin,bottom,lawyer,up
cabbage,nicotine,rough,cold,patch
bump,demon,chess,dial,speed
full,gingerbread,white,haunted,house
butter,chicken,lady,sticky,fingers
cross,velvet,herring,bulll,red
junk,finger,soul,fast,food
hub,knee,mad,night,cap
head,power,guilt,ego,trip
gold,cat,blow,sword,fish
pig,pony,cock,mock,tail
heart,shoe,draw,ham,string
daisy,mountain,supply,food,chain
castle,piper,stone,paper,sand
chatter,soap,juke,shadow,box
rocky,high,dirt,silk,road
horse,screen,fore,word,play
beach,reader,Sunday,tree,palm
ball,locker,print,hills,foot
glove,hound,trot,hole,fox
may,bean,flag,tad,pole
bottle,break,turtle,goose,neck
chop,candle,joy,yard,stick
vaccum,piper,dry,deep,cleaner
chain,snail,electronic,junk,mail
dog,waterbottle,potatoe,rod,hot
touch,mile,key,birth,stone
bucket,short,to-do,laundry,list
hat,secret,dog,ten,top
pass,loan,buzz,cross,word
health,pass,dress,secret,code
horse,matter,ages,chocolate,dark
board,gate,struck,fish,star
construction,toilet,news,tissue,paper
wrist,digital,stop,pocket,watch
booty,cold,close,curtain,call
bar,foot,steps,toad,stool
fiddle,fish,drum,chop,sticks
day,flower,fly,pole,may
fish,nap,tail,walk,cat
bull,lap,under,watch,dog
clip,tiger,towel,trail,paper
potato,tooth,sixteen,talk,sweet
bumper,sports,getaway,clown,car
third,naked,evil,magic,eye
days,ending,returns,trails,happy
mixed,doggy,swag,go,bag
twilight,buffer,comfort,time,zone
